,titles,author,prices,formats
0,Atomic Habits,James Clear,£12.34,Paperback
1,Lessons in Chemistry,Bonnie Garmus,£8.13,Paperback
2,Gothikana: A Dark Academia Gothic Romance: TikTok Made Me Buy It!,RuNyx,£8.94,Paperback
3,The Glucose Goddess Method,Jessie Inchauspe,£19.69,Paperback
4,The Body Keeps the Score,Bessel van der Kolk,£11.95,Paperback
5,Seven Husbands of Evelyn Hugo,Taylor Jenkins Reid,£7.49,Paperback
6,Things We Hide From The Light,Lucy Score,£6.58,Paperback
7,Before the Coffee Gets Cold,Toshikazu Kawaguchi,£11.98,Paperback
8,Acceptance,Padraig O'Morain,£16.78,Paperback
9,Thousand Autumns: Qian Qiu (Novel) Vol. 1,Meng XI Shi,£18.98,Paperback
10,It Ends With Us: The most heartbreaking novel you'll ever read,Colleen Hoover,£7.49,Paperback
11,Daisy Jones and The Six,Taylor Jenkins Reid,£8.14,Paperback
12,Things We Never Got Over,Lucy Score,£6.59,Paperback
13,I'm a Fan,Sheena Patel,£10.18,Paperback
14,The Creative Act,Rick Rubin,£22.99,Hardback
15,Me vs Brain,Hayley Morris,£12.99,Hardback
16,The Letters I Will Never Send,Isabella Dorta,£13.77,Paperback
17,The Parenting Map,Dr Shefali Tsabary,£16.19,Paperback
18,The Psychology of Money,Morgan Housel,£15.18,Paperback
19,Foster,Claire Keegan,£7.19,Paperback
20,I Don't Need Therapy,Toni Lodge,£22.43,Paperback
21,Final Offer,Lauren Asher,£7.99,Paperback
22,Grandmaster of Demonic Cultivation: Mo Dao Zu Shi (Manhua) Vol. 1,Mo Xiang Tong Xiu,£15.00,Paperback
23,"The Boy, The Mole, The Fox and The Horse",Charlie Mackesy,£11.99,Hardback
24,Small Things Like These,Claire Keegan,£10.18,Paperback
25,Zero Waste Patterns,Birgitta Helmersson,£17.90,Paperback
26,Twisted Games,Ana Huang,£8.99,Paperback
27,Verity,Colleen Hoover,£7.49,Paperback
28,Bored of Lunch: The Healthy Slow Cooker Book,Nathan Anthony,£12.93,Hardback
29,Twisted Love,Ana Huang,£7.02,Paperback
30,The One Thing,Gary Keller,£8.38,Paperback
31,Icebreaker,Hannah Grace,£7.49,Paperback
32,Grandmaster of Demonic Cultivation: Mo Dao Zu Shi (Novel) Vol. 5 (Special Edition),Mo Xiang Tong Xiu;,£17.00,Paperback
33,The Prison Healer,Lynette Noni,£9.95,Paperback
34,The Silent Patient,Alex Michaelides,£9.98,Paperback
35,Emily Wilde's Encyclopaedia of Faeries,Heather Fawcett,£14.98,Hardback
36,The Invisible String,Patrice Karst,£5.99,Paperback
37,The Midnight Library,Matt Haig,£7.49,Paperback
38,Twisted Hate,Ana Huang,£7.02,Paperback
39,We Don't Know Ourselves,Fintan O'Toole,£10.35,Paperback
40,Young Forever,Mark Hyman,£17.52,Paperback
41,Berserk Deluxe Volume 13,Kentaro Miura,£34.97,Hardback
42,Meditations,Marcus Aurelius,£7.45,Paperback
43,Cleopatra and Frankenstein,Coco Mellors,£11.48,Paperback
44,Heaven Official's Blessing: Tian Guan Ci Fu (Novel) Vol. 5,Mo Xiang Tong Xiu,£13.89,Paperback
45,The Daily Stoic,Ryan Holiday,£13.10,Paperback
46,Once Upon A Broken Heart,Stephanie Garber,£9.98,Paperback
47,Heaven Official's Blessing: Tian Guan Ci Fu (Novel) Vol. 4,Mo Xiang Tong Xiu,£16.88,Paperback
48,Normal People,Sally Rooney,£7.49,Paperback
49,Our Wives Under The Sea,Julia Armfield,£9.41,Paperback
50,Spare,Prince Harry the Duke of Sussex,£17.02,Hardback
51,Conversations on Love,Natasha Lunn,£12.98,Paperback
52,"Thinking, Fast and Slow",Daniel Kahneman,£11.95,Paperback
53,Loss,Donna Ashworth,£11.25,Hardback
54,Strong Female Character,Fern Brady,£16.19,Hardback
55,Old Babes in the Wood,Margaret Atwood,£19.68,Hardback
56,Where the Crawdads Sing,Delia Owens,£7.49,Paperback
57,The Song of Achilles,Madeline Miller,£9.19,Paperback
58,Meditations,Marcus Aurelius,£7.85,Paperback
59,Everything I Know About Love,Dolly Alderton,£11.98,Paperback
60,Strange Sally Diamond,Liz Nugent,£12.99,Hardback
61,If We Were Villains: The Sensational TikTok Book Club pick,M. L. Rio,£8.27,Paperback
62,Classroom of the Elite (Light Novel) Vol. 9,Syougo Kinugasa,£7.02,Paperback
63,Twisted Lies,Ana Huang,£16.19,Paperback
64,Glucose Revolution,Jessie Inchauspe,£13.89,Paperback
65,Grandmaster of Demonic Cultivation: Mo Dao Zu Shi (Novel) Vol. 4,Mo Xiang Tong Xiu,£14.29,Paperback
66,Legends & Lattes,Travis Baldree,£13.10,Hardback
67,12 Rules for Life,Jordan B. Peterson,£16.60,Paperback
68,Why Women Grow,Alice Vincent,£13.10,Hardback
69,Invisible Women,Caroline Criado Perez,£7.45,Paperback
70,A Good Girl's Guide to Murder,Holly Jackson,£19.68,Paperback
71,The Herbal Astrology Oracle,Adriana Ayales,£3.81,Cards
72,The Art of War,Sun Tzu,£10.99,Paperback
73,Homesick,Jennifer Croft,£13.98,Paperback
74,Scattered Minds,Gabor Mate,£10.58,Paperback
75,If He Had Been with Me,Laura Nowlin,£10.27,Paperback
76,The Untethered Soul,Michael A. Singer,£8.99,Paperback
77,No Longer Human,Osamu Dazai,£8.99,Paperback
78,Terms and Conditions,Lauren Asher,£12.98,Paperback
79,The Fine Print,Lauren Asher,£12.18,Paperback
80,Manifest,Roxie Nafousi,£16.19,Hardback
81,The Secret History,Donna Tartt,£16.60,Paperback
82,Unmasking Autism,Devon Price,£12.84,Hardback
83,Feminism Against Progress,Mary Harrington,£11.99,Hardback
84,Surrounded by Idiots,Thomas Erikson,£8.38,Paperback
85,Drama Free,Nedra Glover Tawwab,£19.68,Paperback
86,The Power of Now,Eckhart Tolle,£5.57,Paperback
87,Of Cabbages and Kimchi,James Read,£13.10,Hardback
88,The Very Hungry Caterpillar,Eric Carle,£13.99,Board book
89,Why We Sleep,Matthew Walker,£11.98,Paperback
90,the Silva Mind Control Method,Jose Silva,£16.10,Paperback
91,Never Split the Difference,Chris Voss,£13.57,Paperback
92,Heaven Official's Blessing: Tian Guan Ci Fu (Novel) Vol. 6,Mo Xiang Tong Xiu,£13.20,Paperback
93,Adult Children of Emotionally Immature Parents,Lindsay C Gibson,£12.98,Paperback
94,Six of Crows: Collector's Edition,Leigh Bardugo,£13.98,Hardback
95,Dopamine Nation,Dr Anna Lembke,£10.98,Paperback
96,Mindset - Updated Edition,Dr Carol Dweck,£16.96,Paperback
97,Start With Why,Simon Sinek,£7.63,Paperback
98,Children of Paradise,Camilla Grudova,£13.20,Hardback
99,A Court of Thorns and Roses,Sarah J. Maas,£8.09,Paperback
100,Crooked Kingdom Collector's Edition,Leigh Bardugo,£37.98,Hardback
101,A Man Called Ove,Fredrik Backman,£16.08,Paperback
102,Harry Potter Box Set: The Complete Collection (Children's Paperback),J. K. Rowling,£7.74,Paperback
103,Chip War,Chris Miller,£13.94,Paperback
104,The Bell Jar,Sylvia Plath,£9.48,Paperback
105,When the Body Says No,Gabor Mate,£13.89,Paperback
106,The Three-Body Problem,Cixin Liu,£11.23,Paperback
107,The Husky and His White Cat Shizun: Erha He Ta De Bai Mao Shizun (Novel) Vol. 2,Rou Bao Bu Chi Rou,£10.48,Paperback
108,Stolen Focus,Johann Hari,£22.38,Paperback
109,Heaven,Mieko Kawakami,£13.49,Paperback
110,How to Paint Without a Brush,Red Hong Yi,£10.24,Hardback
111,Legends & Lattes,Travis Baldree,£13.71,Paperback
112,All About Love,bell hooks,£15.44,Paperback
113,I'm Glad My Mom Died,Jennette McCurdy,£8.24,Hardback
114,The Invisible Life of Addie LaRue - Illustrated edition,V.E. Schwab,£10.63,Hardback
115,Rich Dad Poor Dad,Robert T. Kiyosaki,£10.98,Paperback
116,Rich Dad Poor Dad,Robert T. Kiyosaki,£12.77,Paperback
117,Better Than the Movies,Lynn Painter,£16.19,Paperback
118,A Little Life,Hanya Yanagihara,£10.99,Paperback
119,How To Do The Work,Nicole LePera,£13.57,Paperback
120,Magnolia Parks,Jessa Hastings,£6.99,Paperback
121,Sapiens,Yuval Noah Harari,£11.25,Paperback
122,TummyTime (R): Happy Baby,Duopress Labs,£13.89,Board book
123,The Concise 48 Laws Of Power,Robert Greene,£11.64,Paperback
124,Heaven Official's Blessing: Tian Guan Ci Fu (Novel) Vol. 3,Mo Xiang Tong Xiu,£12.77,Paperback
125,Dirty Laundry,Richard Pink,£14.67,Paperback
126,Attached,Amir Levine,£7.99,Paperback
127,"Vagabond (VIZBIG Edition), Vol. 1",Takehiko Inoue,£8.99,Paperback
128,"Chainsaw Man, Vol. 1",Tatsuki Fujimoto,£12.72,Paperback
129,Four Thousand Weeks,Oliver Burkeman,£10.28,Paperback
130,Birnam Wood,Eleanor Catton,£11.98,Paperback
131,The Husky and His White Cat Shizun: Erha He Ta De Bai Mao Shizun (Novel) Vol. 1,Rou Bao Bu Chi Rou,£6.20,Paperback
132,Lost & Found,Kathryn Schulz,£14.31,Paperback
133,Ugly Love,Colleen Hoover,£18.62,Paperback
134,Creative Stained Glass,Noor Springael,£7.51,Paperback
135,Black Butterflies,Priscilla Morris,£7.63,Hardback
136,1984,George Orwell,£16.98,Paperback
137,The Four Agreements,Don Miguel Ruiz,£16.34,Paperback
138,"Tomorrow, and Tomorrow, and Tomorrow",Gabrielle Zevin,£14.07,Hardback
139,Becoming Supernatural,Dr Joe Dispenza,£12.75,Paperback
140,Death to Jar Sauce,Nat's What I Reckon,£13.35,Paperback
141,Heaven Official's Blessing: Tian Guan Ci Fu (Novel) Vol. 2,Mo Xiang Tong Xiu,£13.64,Paperback
142,Heaven Official's Blessing,Mo Xiang Tong Xiu,£21.48,Paperback
143,Blue Lock 5,Muneyuki Kaneshiro,£8.98,Paperback
144,Yokohama Kaidashi Kikou: Deluxe Edition 1,Hitoshi Ashinano,£10.48,Paperback
145,Reminders of Him,Colleen Hoover,£39.18,Paperback
146,The Girl Who Fell Beneath the Sea,Axie Oh,£8.27,Paperback
147,Berserk Deluxe Volume 1,Kentaro Miura,£12.98,Hardback
148,Marriage for One,Ella Maise,£7.48,Paperback
149,Braiding Sweetgrass,Robin Wall Kimmerer,£7.88,Paperback
150,Never Never,Colleen Hoover,£16.49,Paperback
151,"Chainsaw Man, Vol. 5",Tatsuki Fujimoto,£7.99,Paperback
152,Star Wars Jedi: Battle Scars,Sam Maggs,£8.24,Hardback
153,I Who Have Never Known Men,Jacqueline Harpman,£37.35,Paperback
154,The Happiest Man on Earth,Eddie Jaku,£18.79,Paperback
155,A Court of Thorns and Roses Paperback Box Set (5 books),Sarah J. Maas,£12.01,Paperback
156,RecipeTin Eats: Dinner,Nagi Maehashi,£13.80,Paperback
157,Lessons in Chemistry,Bonnie Garmus,£12.29,Hardback
158,The Adventures of Amina Al-Sirafi,Shannon Chakraborty,£17.63,Hardback
159,Good Inside,Dr Becky Kennedy,£6.99,Paperback
160,The Adventures of Amina Al-Sirafi,Shannon Chakraborty,£10.69,Hardback
161,The Tiger Who Came to Tea,Judith Kerr,£11.07,Paperback
162,"Chainsaw Man, Vol. 6",Tatsuki Fujimoto,£14.98,Paperback
163,Dog Hearted,,£10.98,Paperback
164,Three Widows,Patricia Gibney,£8.99,Paperback
165,Letters from a Stoic,Seneca,£19.98,Paperback
166,Sparks Like Stars,Nadia Hashimi,£14.09,Paperback
167,A Pilgrim's Guide to the Camino De Santiago,John Brierley,£19.69,Paperback
168,The Artist's Way,Julia Cameron,£20.24,Paperback
169,Outlive,Peter Attia,£15.78,Hardback
170,The Laws of Human Nature,Robert Greene,£12.29,Paperback
171,Teen Titans: Robin,Kami Garcia,£16.34,Paperback
172,No Bad Parts,Richard C. Schwartz,£16.88,Paperback
173,Grandmaster of Demonic Cultivation: Mo Dao Zu Shi (Novel) Vol. 2,Mo Xiang Tong Xiu,£23.28,Paperback
174,Grandmaster of Demonic Cultivation: Mo Dao Zu Shi (Novel) Vol. 3,Mo Xiang Tong Xiu,£11.48,Paperback
175,Brain Energy,Christopher M. Palmer,£9.96,Hardback
176,"The Sun, the Sea and the Stars",Iulia Bochis,£7.49,Hardback
177,The Nightingale,Kristin Hannah,£17.99,Paperback
178,Sorrow and Bliss,Meg Mason,£10.38,Paperback
179,How to Meet Your Self,Nicole LePera,£7.63,Paperback
180,The Will to Change,Bell Hooks,£7.19,Paperback
181,The Thursday Murder Club,Richard Osman,£23.75,Paperback
182,The Myth of Sisyphus,Albert Camus,£12.99,Paperback
183,The Parenting Map,Shefali Tsabary,£8.73,Hardback
184,Don't Believe Everything You Think,Joseph Nguyen,£9.65,Paperback
185,"My Hero Academia, Vol. 33",Kohei Horikoshi,£15.17,Paperback
186,Wintering,Katherine May,£22.40,Paperback
187,Ikigai,Héctor García,£9.89,Hardback
188,Flavour Kiss,Belinda Macdonald,£28.73,Paperback
189,The Courage To Be Disliked,Ichiro Kishimi,£23.26,Paperback
190,The Cut Flower Sourcebook,Rachel Siegfried,£10.38,Hardback
191,Fourth Wing,Rebecca Yarros,£15.98,Hardback
192,Tales from the Cafe,Toshikazu Kawaguchi,£13.13,Paperback
193,A Day of Fallen Night,Samantha Shannon,£11.99,Hardback
194,The Reverse Coloring Book (R),Kendra Norton,£14.17,Paperback
195,Mort,Terry Pratchett,£24.73,Hardback
196,Crochet Collage Garden,Chris Norrington,£7.99,Paperback
197,Fast Like a Girl,Dr. Mindy Pelz,£5.58,Paperback
198,Have You Filled A Bucket Today?,Carol McCloud,£10.97,Paperback
199,Where's Spot?,Eric Hill,£15.48,Board book
200,The Final Gambit,Jennifer Barnes,£11.85,Paperback
201,In Memoriam,Alice Winn,£12.84,Hardback
202,Why Has Nobody Told Me This Before?,Dr Julie Smith,£13.98,Hardback
203,Breath,James Nestor,£9.49,Paperback
204,The Dawn of Everything,David Graeber,£9.19,Paperback
205,Animal Farm,George Orwell,£17.48,Paperback
206,Norwegian Wood,Haruki Murakami,£12.55,Paperback
207,The Intelligent Investor,BENJAMIN GRAHAM,£31.67,Paperback
208,Babel,R.F. Kuang,£12.34,Hardback
209,World Radio TV Handbook 2023 2023,,£6.89,Paperback
210,"Sasaki and Miyano, Vol. 7",Shou Harusono,£15.99,Paperback
211,"Chainsaw Man, Vol. 2",Tatsuki Fujimoto,£5.99,Paperback
212,The 48 Laws Of Power,Robert Greene,£8.49,Paperback
213,Giraffes Can't Dance,Giles Andreae,£17.59,Paperback
214,Damascus Station,David McCloskey,£12.24,Paperback
215,Time to Think,Hannah Barnes,£16.34,Hardback
216,The Obstacle is the Way,Ryan Holiday,£18.13,Paperback
217,Grandmaster of Demonic Cultivation,Mo Xiang Tong Xiu,£19.49,Paperback
218,Dark & Dramatic Mosaic Crochet,Alexis Sixel,£8.39,Paperback
219,Bored of Lunch: The Healthy Air Fryer Book,Nathan Anthony,£16.59,Hardback
220,Shoe Dog,Phil Knight,£7.19,Paperback
221,The Priory of the Orange Tree,Samantha Shannon,£14.98,Hardback
222,Harry Potter and the Philosopher's Stone,J. K. Rowling,£12.18,Paperback
223,The Green Gardening Handbook,Nancy Birtwhistle,£6.49,Hardback
224,Dune,Frank Herbert,£7.63,Paperback
225,Escape from Mr. Lemoncello's Library,Chris Grabenstein,£13.51,Paperback
226,The Man Who Died Twice,Richard Osman,£9.98,Paperback
227,The Shattered Lands,Brenna Nation,£17.07,Paperback
228,Giovanni's Room,James Baldwin,£8.33,Paperback
229,The Subtle Art of Not Giving a F*Ck,Mark Manson,£7.49,Paperback
230,Flow,Mihaly Csikszentmihalyi,£9.84,Paperback
231,The Last Bear,Hannah Gold,£12.07,Paperback
232,"Hirano and Kagiura, Vol. 2 (manga)",Shou Harusono,£8.98,Paperback
233,"Solo Leveling, Vol. 7 (novel)",Chugong,£31.14,Paperback
234,"Chainsaw Man, Vol. 4",Tatsuki Fujimoto,£10.32,Paperback
235,The Art of DreamWorks Puss in Boots,Ramin Zahed,£12.88,Hardback
236,Marshall The Brave Knight,Andrea Mizzi,£12.18,Paperback
237,"Good Vibes, Good Life",Vex King,£10.75,Paperback
238,I Wish I Knew,Donna Ashworth,£14.98,Hardback
239,The Tools,Phil Stutz,£11.82,Paperback
240,Living Untethered,Michael A. Singer,£8.99,Paperback
241,Mushoku Tensei: Jobless Reincarnation (Light Novel) Vol. 21,Rifujin Na Magonote,£16.19,Paperback
242,Seven Days in June,Tia Williams,£7.80,Paperback
243,The Ballad of Never After,Stephanie Garber,£9.38,Hardback
244,You Are a Badass at Making Money,Jen Sincero,£19.40,Paperback
245,How to Win Friends and Influence People,Dale Carnegie,£30.68,Paperback
246,The Greatness Mindset,Lewis Howes,£13.98,Hardback
247,"Medical Medium Brain Saver Protocols, Cleanses & Recipes",Anthony William,£10.99,Hardback
248,Daisy Haites: The Great Undoing,Jessa Hastings,£13.98,Paperback
249,Magnolia Parks: The Long Way Home,Jessa Hastings,£7.49,Paperback
250,Daisy Haites,Jessa Hastings,£13.64,Paperback
251,The Way I Used to Be,Amber Smith,£11.19,Paperback
252,The Tools,Phil Stutz,£17.99,Paperback
253,The Stranger,Albert Camus,£8.94,Paperback
254,Hags,Victoria Smith,£11.99,Hardback
255,Heartless,Elsie Silver,£14.98,Paperback
256,"Set Boundaries, Find Peace",Nedra Glover Tawwab,£5.99,Paperback
257,Deep Work,Cal Newport,£10.49,Paperback
258,The Huge Bag of Worries,Virginia Ironside,£16.28,Paperback
259,To Kill A Mockingbird,Harper Lee,£6.50,Paperback
260,The War of Art,Robert McKee (Foreward),£7.15,Paperback
261,The Rainbow Fish,Marcus Pfister,£7.15,Paperback
262,"Spy x Family, Vol. 9",Tatsuya Endo,£9.88,Paperback
263,"Jujutsu Kaisen, Vol. 19",Gege Akutami,£7.77,Paperback
264,"Chainsaw Man, Vol. 11",Tatsuki Fujimoto,£52.94,Paperback
265,"Let's Talk About Body Boundaries, Consent and Respect",Jayneen Sanders,£8.46,Paperback
266,The Matter With Things 2023,Iain McGilchrist,£6.98,Paperback
267,The Seven Principles For Making Marriage Work,John Gottman,£17.27,Paperback
268,Crime and Punishment,Fyodor Dostoevsky,£8.38,Paperback
269,Lead Sister,Lucy O'Brien,£9.98,Hardback
270,Prisoners of Geography,Tim Marshall,£6.99,Paperback
271,The Colour Monster,,£8.95,Paperback
272,The Maria Thun Biodynamic Calendar 2023: 2023,Titia Thun,£18.42,Paperback
273,Ego is the Enemy,Ryan Holiday,£14.95,Paperback
274,Fungi of Aotearoa,Liv Sisson,£8.10,Paperback
275,Fleabag: The Scriptures,Phoebe Waller-bridge,£11.98,Paperback
276,On Earth We're Briefly Gorgeous,Ocean Vuong,£7.73,Paperback
277,Pod,Laline Paull,£7.44,Paperback
278,November 9,Colleen Hoover,£9.19,Paperback
279,Dear Zoo,Rod Campbell,£10.11,Board book
280,Circe,Madeline Miller,£6.61,Paperback
281,The Priory of the Orange Tree,Samantha Shannon,£8.16,Paperback
282,The Love Hypothesis,Ali Hazelwood,£7.99,Paperback
283,A Million Kisses In Your Lifetime,Monica Murphy,£18.99,Paperback
284,As Good As Dead,Holly Jackson,£10.56,Paperback
285,The Light Seer's Tarot,Chris-Anne,£7.65,Cards
286,The Inheritance Games,Jennifer Lynn Barnes,£3.41,Paperback
287,Bobby Fischer Teaches Chess,Bobby Fischer,£14.75,Paperback
288,The Prince,Niccolo Machiavelli,£8.94,Paperback
289,ADHD 2.0,Edward M. Hallowell,£7.02,Paperback
290,Flawless,Elsie Silver,£7.99,Paperback
291,King of Wrath,Ana Huang,£10.88,Paperback
292,Every Summer After,Carley Fortune,£8.58,Paperback
293,How the World Really Works,Vaclav Smil,£9.32,Paperback
294,The Old Man and the Sea,Ernest Hemingway,£13.41,Paperback
295,Who Moved My Cheese,Dr Spencer Johnson,£6.89,Paperback
296,Godkiller,Hannah Kaner,£6.89,Hardback
297,"Chainsaw Man, Vol. 7",Tatsuki Fujimoto,£18.88,Paperback
298,"Chainsaw Man, Vol. 3",Tatsuki Fujimoto,£15.87,Paperback
299,The Mountain Is You,Brianna Wiest,£8.85,Paperback
300,Heal. Grow. Love.,Pierre Alex Jeanty,£10.73,Paperback
301,Ashes To Admin,Evie King,£11.15,Paperback
302,Convenience Store Woman,Sayaka Murata,£13.46,Paperback
303,Man's Search For Meaning,Viktor E Frankl,£25.48,Paperback
304,"Faith, Hope and Carnage",Nick Cave,£19.06,Hardback
305,BAO,Erchen Chang,£15.99,Hardback
306,Ottolenghi SIMPLE,Yotam Ottolenghi,£47.01,Hardback
307,Babi Yar,A. Anatoli,£9.95,Hardback
308,Twisted Tales: Charming Collection 12 Novel Treasury (Disney),,£8.26,Paperback
309,The Gilded Cage (The Prison Healer Book 2),Lynette Noni,£10.64,Paperback
310,Meow,M E Owmeow,£15.11,Paperback
311,Before We Were Strangers,Renee Carlino,£56.94,Paperback
312,Heaven Official's Blessing: Tian Guan Ci Fu (Novel) Vol. 7,Mo Xiang Tong Xiu,£9.79,Paperback
313,Body By Breath,Jill Miller,£12.45,Hardback
314,Crown of Midnight (Miniature Character Collection),Sarah J. Maas,£6.42,Paperback
315,Archer's Voice,Mia Sheridan,£9.99,Paperback
316,Slough House,Mick Herron,£31.57,Paperback
317,A Court of Mist and Fury,Sarah J. Maas,£39.18,Paperback
318,"""Cause Unknown""",Ed Dowd,£20.73,Hardback
319,Berserk Deluxe Volume 2,Kentaro Miura,£46.49,Hardback
320,Chain of Thorns,Cassandra Clare,£11.99,Hardback
321,The Witcher Boxed Set,Andrzej Sapkowski,£8.39,Paperback
322,Equal Rites,Terry Pratchett,£15.11,Hardback
323,Kindred,Octavia E. Butler,£15.11,Paperback
324,"Vagabond (VIZBIG Edition), Vol. 12",Takehiko Inoue,£21.05,Paperback
325,"Vagabond (VIZBIG Edition), Vol. 3",Takehiko Inoue,£19.56,Paperback
326,The Greatness Mindset,Lewis Howes,£12.79,Paperback
327,Wisdom of the Oracle Divination Cards,Colette Baron-Reid,£7.99,Cards
328,Letting Go,David R. Hawkins,£22.16,Paperback
329,One True Loves,Taylor Jenkins Reid,£8.27,Paperback
330,Cobalt Red,Siddharth Kara,£18.60,Hardback
331,Letters To Milena,Franz Kafka,£23.98,Paperback
332,The Original Rider Waite Tarot Deck,A.E. Waite,£3.78,Cards
333,Unreasonable Hospitality,Will Guidara,£13.44,Hardback
334,The Metamorphosis,Franz Kafka,£10.84,Paperback
335,Die With Zero,Bill Perkins,£8.50,Paperback
336,The Things You Can See Only When You Slow Down,Haemin Sunim,£12.84,Paperback
337,Where Is the Green Sheep?,Judy Horacek,£11.73,Board book
338,Quiet,Susan Cain,£10.88,Paperback
339,Never Split the Difference,Chris Voss,£13.51,Paperback
340,The Virgin Suicides,Jeffrey Eugenides,£12.29,Paperback
341,8 Rules of Love,Jay Shetty,£16.17,Hardback
342,SINISTER SPRING: Murder and Mystery from the Queen of Crime,Agatha Christie,£16.10,Hardback
343,Talk To Me In Korean Level 1 (downloadable Audio Files Included),Talktomeinkorean Talktomeinkorean,£11.75,Paperback
344,Come as You Are: Revised and Updated,Emily Nagoski,£11.85,Paperback
345,"Bungo Stray Dogs, Vol. 8 (light novel)",Kafka Asagiri,£24.93,Paperback
346,Rascal Does Not Dream of a Lost Singer (light novel),Hajime Kamoshida,£25.59,Paperback
347,The Serpent and the Wings of Night,Carissa Broadbent,£10.74,Hardback
348,Scaling People,Claire Hughes Johnson,£17.64,Hardback
349,Searching Brightness,Paul Binding,£16.60,Paperback
350,The Art Of Seduction,Robert Greene,£10.73,Paperback
351,The Menopause,Deirdre Lundy,£16.38,Paperback
352,The Years - WINNER OF THE 2022 NOBEL PRIZE IN LITERATURE,Annie Ernaux,£18.98,Paperback
353,Travellers to Unimaginable Lands,Dasha Kiper,£4.99,Hardback
354,Two Weeks Notice,Amy Porterfield,£9.19,Hardback
355,Messi (Ultimate Football Heroes - the No. 1 football series),Matt & Tom Oldfield,£6.99,Paperback
356,My Year of Rest and Relaxation,Ottessa Moshfegh,£92.35,Paperback
357,Six of Crows,Leigh Bardugo,£13.56,Paperback
358,Wotakoi: Love Is Hard for Otaku Complete Manga Box Set,Fujita,£15.72,Paperback
359,Mushoku Tensei: Jobless Reincarnation (Light Novel) Vol. 18,Rifujin Na Magonote,£12.47,Paperback
360,House of Earth and Blood ( Crescent City ),Sarah Maas,£9.99,Paperback
361,What to Do When You Worry Too Much,Dawn Huebner,£52.35,Paperback
362,Heir of Fire (Miniature Character Collection),Sarah J. Maas,£9.98,Paperback
363,Bitter Root Hardcover Omnibus,David F. Walker,£13.20,Hardback
364,This is How You Lose the Time War,Amal El-Mohtar,£16.27,Paperback
365,The Last Tale of the Flower Bride,Roshani Chokshi,£8.99,Hardback
366,How to Hear God,Pete Greig,£8.99,Paperback
367,Belladonna,Adalyn Grace,£16.27,Hardback
368,The House in the Cerulean Sea,Tj Klune,£25.48,Paperback
369,Breasts and Eggs,Mieko Kawakami,£36.19,Paperback
370,The Song of Achilles,Madeline Miller,£14.98,Hardback
371,The Earth Transformed,Professor Peter Frankopan,£6.29,Hardback
372,Berserk Deluxe Volume 3,Kentaro Miura,£34.75,Hardback
373,Guards! Guards!,Terry Pratchett,£7.99,Hardback
374,The Cruel Prince (The Folk of the Air),Holly Black,£12.18,Paperback
375,Designing Data-Intensive Applications,Martin Kleppmann,£7.27,Paperback
376,Loathe To Love You,Ali Hazelwood,£10.49,Paperback
377,Beartown,Fredrik Backman,£7.97,Paperback
378,"Good Girl, Bad Blood",Holly Jackson,£22.79,Paperback
379,It Starts with Us,Colleen Hoover,£9.99,Hardback
380,How to Talk to Anyone,Leil Lowndes,£6.58,Paperback
381,The Lives We Actually Have,Kate Bowler,£17.75,Hardback
382,Warbreaker,Brandon Sanderson,£13.20,Paperback
383,"Beautiful World, Where Are You",Sally Rooney,£8.94,Paperback
384,Old God's Time,Sebastian Barry,£10.70,Hardback
385,The Woman Destroyed,Simone de Beauvoir,£10.16,Paperback
386,Powerless,Elsie Silver,£18.48,Paperback
387,Women Who Run with the Wolves,Clarissa Pinkola Estes,£12.64,Paperback
388,In Order To Live,Yeonmi Park,£9.98,Paperback
389,The Feminist Killjoy Handbook,Sara Ahmed,£15.68,Hardback
390,The Book You Wish Your Parents Had Read (and Your Children Will Be Glad That You Did),Philippa Perry,£9.19,Paperback
391,The Dinosaur's Diary,Julia Donaldson,£10.14,Paperback
392,The Complete MAUS,Art Spiegelman,£15.28,Paperback
393,The Brothers Karamazov,Fyodor Dostoyevsky,£17.99,Paperback
394,Howl's Moving Castle,Diana Wynne Jones,£8.99,Paperback
395,Wandering Souls,Cecile Pin,£13.78,Hardback
396,The Patriarchs,Angela Saini,£11.79,Hardback
397,All the Light We Cannot See,Anthony Doerr,£19.61,Paperback
398,APA 7th Manual Made Easy,Appearance Publishers,£18.00,Paperback
399,Climate,Whitney Hanson,£11.81,Paperback
400,Una luz en la llama/ A Light in the Flame,Jennifer Armentrout,£8.98,Paperback
401,A Dictionary of Color Combinations,,£6.89,Paperback
402,Sword Art Online 26 (light novel),Reki Kawahara,£10.11,Paperback
403,"Chainsaw Man, Vol. 10",Tatsuki Fujimoto,£9.00,Paperback
404,"Chainsaw Man, Vol. 9",Tatsuki Fujimoto,£15.02,Paperback
405,Maybe You Should Talk to Someone,Lori Gottlieb,£50.23,Paperback
406,Getting to Yes,Roger Fisher,£10.11,Paperback
407,Ramadan Reflections,Aliyah Umm Raiyaan,£11.49,Paperback
408,Amygdala,Sam Fennah,£12.04,Hardback
409,Cribsheet,Emily Oster,£11.25,Paperback
410,"Piano Exam Pieces 2023 & 2024, ABRSM Grade 1",ABRSM,£11.95,Sheet music
411,Life,Donna Ashworth,£11.48,Hardback
412,Love,Donna Ashworth,£10.11,Hardback
413,In the Realm of Hungry Ghosts,Gabor Mate,£18.08,Paperback
414,How to make the best coffee at home,James Hoffmann,£3.95,Hardback
415,Entangled Life,Merlin Sheldrake,£41.58,Paperback
416,Birnam Wood,Eleanor Catton,£24.71,Hardback
417,Brain Games For Clever Kids (R),Gareth Moore,£12.79,Paperback
418,Ninja Kid 1-8: the Amazing Ninja Pack!,Anh Do,£12.21,Paperback
419,Some Kind of Perfect,Krista Ritchie,£17.00,Paperback
420,Un-cook Yourself,Nat's What I Reckon,£15.86,Paperback
421,Clancy and Millie and the Very Fine House,Libby Gleeson,£14.98,Paperback
422,Remnants of Filth: Yuwu (Novel) Vol. 1,Rou Bao Bu Chi Rou,£13.96,Paperback
423,Last Violent Call,Chloe Gong,£13.20,Hardback
424,The Overthinking Cure,Nick Trenton,£26.85,Paperback
425,Piano Adventures All-In-Two Level 1 Lesson/Theory,,£19.48,Book
426,The Girl Who Fell Beneath the Sea,Axie Oh,£39.18,Hardback
427,The Harry Potter Wizarding Almanac,J.K. Rowling,£11.26,Hardback
428,Harry Potter and the Philosopher's Stone: MinaLima Edition,J. K. Rowling,£11.98,Hardback
429,Berserk Deluxe Volume 4,Kentaro Miura,£12.18,Hardback
430,Ninth House,Leigh Bardugo,£7.40,Paperback
431,The Bands of Mourning,Brandon Sanderson,£7.49,Paperback
432,Shadows of Self,Brandon Sanderson,£16.88,Paperback
433,Milk and Honey,Rupi Kaur,£7.99,Paperback
434,Love on the Brain,Ali Hazelwood,£12.18,Paperback
435,The Last Hours: Chain of Thorns,Cassandra Clare,£27.54,Hardback
436,A Thousand Boy Kisses,Tillie Cole,£33.26,Paperback
437,Anxious People,Fredrik Backman,£12.00,Paperback
438,Medical Medium Liver Rescue,Anthony William,£7.99,Hardback
439,Medical Medium Brain Saver,Anthony William,£7.99,Hardback
440,Fairy Tale,Stephen King,£8.28,Hardback
441,The Hardest Fall,Ella Maise,£16.14,Paperback
442,All Your Perfects,Colleen Hoover,£16.98,Paperback
443,Bloodmarked,Tracy Deonn,£25.99,Paperback
444,Babi Yar,Anatoly Kuznetsov,£13.88,Paperback
445,The Adventure Zone: The Eleventh Hour,Clint McElroy,£14.49,Paperback
446,Storytelling with Data,Cole Nussbaumer Knaflic,£10.98,Paperback
447,It Didn't Start With You,Mark Wolynn,£14.74,Paperback
448,The Flowers of Buffoonery,Osamu Dazai,£17.90,Paperback
449,Steal Like an Artist,Austin Kleon,£12.04,Paperback
450,Beautiful Oops!,Barney Saltzberg,£7.35,Hardback
451,Succession - Season Two,Jesse Armstrong,£22.56,Paperback
452,Never Let Me Go,Kazuo Ishiguro,£14.99,Paperback
453,Lockwood & Co: The Whispering Skull,Jonathan Stroud,£8.00,Paperback
454,Sabai,Pailin Chongchitnant,£11.98,Hardback
455,"Godel, Escher, Bach",Douglas R. Hofstadter,£11.29,Paperback
456,All Quiet on the Western Front,Erich Maria Remarque,£9.31,Paperback
457,The Ministry for the Future,Kim Stanley Robinson,£20.00,Paperback
458,The Hawthorne Legacy,Jennifer Lynn Barnes,£11.48,Paperback
459,The Road,Cormac McCarthy,£8.99,Paperback
460,PlantYou,Carleigh Bodrug,£7.38,Hardback
461,The Island of Missing Trees,Elif Shafak,£11.67,Paperback
462,"Girl, Woman, Other",Bernardine Evaristo,£8.53,Paperback
463,Taste,Stanley Tucci,£14.94,Paperback
464,The Idiot,Elif Batuman,£12.98,Paperback
465,Charlie and the Chocolate Factory,Roald Dahl,£9.84,Paperback
466,Antifragile,Nassim Nicholas Taleb,£6.99,Paperback
467,Educated,Tara Westover,£13.59,Paperback
468,You Deserve the Whole World,Wednesday Holmes,£16.16,Hardback
469,The Day the Crayons Quit,Drew Daywalt,£6.98,Paperback
470,Pretty Reckless,L J Shen,£18.71,Paperback
471,"Solo Leveling, Vol. 6",Chugong,£10.47,Paperback
472,My First Theory Book,Lina Ng,£10.63,Sheet music
473,"Overlord, Vol. 15 (light novel)",Kugane Maruyama,£13.10,Hardback
474,"Given, Vol. 7",Natsuki Kizu,£15.64,Paperback
475,"The Dragon's Betrothed, Vol. 1",Meguru Hinohara,£24.99,Paperback
476,Between Death and Life: Conversations with a Spirit,Dolores Cannon,£41.16,Paperback
477,Commit 2 Lead!,Enda McNulty,£7.69,Paperback
478,Artists' Master Series: Color and Light,,£12.79,Paperback
479,The Legend of Zelda: Breath of the Wild the Complete Official Guide,Piggyback,£6.87,Hardback
480,What If?,Randall Munroe,£5.79,Paperback
481,Breaking the Habit of Being Yourself,Dr Joe Dispenza,£8.27,Paperback
482,The Perks of Being a Wallflower,Stephen Chbosky,£12.18,Paperback
483,Dinosaurs Love Underpants,Claire Freedman,£15.99,Paperback
484,The Things We Leave Unfinished,Rebecca Yarros,£18.84,Paperback
485,The Grace of Kings,Ken Liu,£12.99,Paperback
486,Lonely Planet Japan,Lonely Planet,£17.22,Paperback
487,Moonology (TM) Manifestation Oracle,Yasmin Boland,£10.95,Cards
488,Discipline Is Destiny,Ryan Holiday,£13.74,Hardback
489,The Emotion Code,Dr Bradley Nelson,£19.98,Paperback
490,Hold on to Your Kids,Gabor Mate,£8.49,Paperback
491,Chatter,Ethan Kross,£14.87,Paperback
492,Work Your Light Oracle Cards,Rebecca Campbell,£14.61,Cards
493,Girl in Pieces,Kathleen Glasgow,£13.61,Paperback
494,Throttled Special Edition,Lauren Asher,£9.43,Paperback
495,"orange -to you, dear one-",Ichigo Takano,£12.26,Paperback
496,Classroom of the Elite (Light Novel) Vol. 8,Syougo Kinugasa,£15.11,Paperback
497,Grand Blue Dreaming 18,Kimitake Yoshioka,£23.28,Paperback
498,Mushoku Tensei: Jobless Reincarnation (Light Novel) Vol. 2,Rifujin Na Magonote,£17.11,Paperback
499,The Husky and His White Cat Shizun: Erha He Ta De Bai Mao Shizun (Novel) Vol. 4,Rou Bao Bu Chi Rou,£9.47,Paperback
500,House of Earth and Blood,Sarah Maas,£12.78,Hardback
501,Way of the Superior Man,David Deida,£9.79,Paperback
502,Teeth Are Not For Biting,Elizabeth Verdick,£12.78,Board book
503,Kingdom of Ash (Miniature Character Collection),Sarah J. Maas,£9.99,Paperback
504,Tower of Dawn (Miniature Character Collection),Sarah J. Maas,£9.91,Paperback
505,Empire of Storms (Miniature Character Collection),Sarah J. Maas,£10.99,Paperback
506,Throne of Glass (Miniature Character Collection),Sarah J. Maas,£8.49,Paperback
507,The World According to Kaleb,Kaleb Cooper,£10.68,Hardback
508,Fair Play,Eve Rodsky,£11.99,Paperback
509,Lonely Castle in the Mirror,Mizuki Tsujimura,£36.19,Paperback
510,Piranesi,Susanna Clarke,£8.38,Paperback
511,All The Lovers In The Night,Mieko Kawakami,£11.37,Paperback
512,Berserk Deluxe Volume 12,Kentaro Miura,£11.48,Hardback
513,Short Stories in French for Beginners,Olly Richards,£14.98,Paperback
514,The Miracle Morning,Hal Elrod,£8.99,Paperback
515,Amongst Our Weapons,Ben Aaronovitch,£9.69,Paperback
516,Reaper Man,Terry Pratchett,£7.49,Hardback
517,Hamnet,Maggie O'Farrell,£12.77,Paperback
518,The Stolen Heir,Holly Black,£10.50,Hardback
519,The 13-Storey Treehouse,Andy Griffiths,£16.19,Paperback
520,Children of Time,Adrian Tchaikovsky,£15.88,Paperback
521,Eat That Frog!,Brian Tracy,£27.37,Paperback
522,Self-Compassion,Kristin Neff,£7.35,Paperback
523,"On or Off, Volume 3",A1,£8.27,Paperback
524,"Vagabond (VIZBIG Edition), Vol. 5",Takehiko Inoue,£6.24,Paperback
525,Expecting Better,Emily Oster,£6.99,Paperback
526,Tower of Dawn,Sarah J. Maas,£11.69,Paperback
527,Superworm,Julia Donaldson,£25.59,Paperback
528,Stick Man,Julia Donaldson,£8.05,Paperback
529,Diddly Squat,Jeremy Clarkson,£27.98,Paperback
530,Medical Medium Cleanse to Heal,Anthony William,£15.04,Hardback
531,Things We Left Behind,Lucy Score,£11.98,Paperback
532,Marx in the Anthropocene,Kohei Saito,£10.14,Paperback
533,Secrets of Natural Success,William Whitecloud,£12.19,Paperback
534,A Brief History Of Time,Stephen Hawking,£27.99,Paperback
535,Speak Italian,Bruno Munari,£17.90,Paperback
536,The English Understand Wool,Helen Dewitt,£25.07,Hardback
537,prettycityparis,Siobhan Ferguson,US$18.01,Hardback
538,Baking Yesteryear,Author B. Dylan Hollis,US$17.97,Hardback
539,The Queen's Price,Anne Bishop,US$14.66,Hardback
540,Toxic Superfoods,Sally Norton,US$26.81,Paperback
541,Tarot of the Divine,Yoshi Yoshitani,US$12.11,Cards
542,The Alloy of Law,Brandon Sanderson,US$57.25,Paperback
543,Succession - Season Three,Jesse Armstrong,US$14.94,Paperback
544,Lockwood & Co: The Screaming Staircase,Jonathan Stroud,US$11.31,Paperback
545,The Hobbit and the Lord of the Rings,J. R. R. Tolkien,US$25.17,Paperback
546,Everything I Never Told You,Celeste Ng,US$26.53,Paperback
547,Mating in Captivity,Esther Perel,US$13.11,Paperback
548,It's OK To Be Angry About Capitalism,Bernie Sanders,US$8.09,Hardback
549,The Holocaust,Dan Stone,US$10.55,Hardback
550,The Selfish Gene,Richard Dawkins,US$15.94,Paperback
551,Matilda,Roald Dahl,US$14.02,Paperback
552,The Picture of Dorian Gray,Oscar Wilde,US$22.73,Paperback
553,Anna Karenina,Leo Tolstoy,US$15.14,Paperback
554,A Gentleman in Moscow,Amor Towles,US$37.75,Paperback
555,The Subtle Art of Not Giving a F*ck,Mark Manson,US$13.11,Hardback
556,The Dragon Republic,R.F. Kuang,US$11.44,Paperback
557,How to Build a Car,Adrian Newey,US$19.64,Hardback
558,Assassin's Apprentice,Robin Hobb,US$12.42,Paperback
559,Gangsta Granny,David Walliams,US$19.86,Paperback
560,Broken Knight,L J Shen,US$23.46,Paperback
561,Mike Hunt,Brad Gosse,US$13.50,Paperback
562,Talk To Me In Korean Workbook Level 1,Talk To Me in Korean,US$16.77,Paperback
563,Dictionary Of Color Combinations - Volume 2,,US$8.99,Paperback
564,"The Angel Next Door Spoils Me Rotten, Vol. 5 (light novel)",Saekisan,US$13.48,Paperback
565,"Re:ZERO -Starting Life in Another World-, Vol. 21 (light novel)",Tappei Nagatsuki,US$8.99,Paperback
566,"Spy x Family, Vol. 4",Tatsuya Endo,US$17.86,Paperback
567,"Spy x Family, Vol. 3",Tatsuya Endo,£19.22,Paperback
568,"Spy x Family, Vol. 2",Tatsuya Endo,£17.64,Paperback
569,Rethink Your Position,Katy Bowman,£9.98,Paperback
570,Team Topologies,Matthew Skelton,£13.10,Paperback
571,The 33 Strategies Of War,Robert Greene,£20.90,Paperback
572,The Dispossessed,Ursula K. Le Guin,£20.98,Paperback
573,Doughnut Economics,Kate Raworth,£12.74,Paperback
574,Tired of Anxiety,Sarah Cassidy,£11.25,Paperback
575,If We Were Villains - Illustrated Edition: The sensational TikTok Book Club pick,M. L. Rio,£17.90,Hardback
576,The Starseed Oracle,Rebecca Campbell,£8.49,Cards
577,In the Dream House,Carmen Maria Machado,£20.00,Paperback
578,The Concise Laws of Human Nature,Robert Greene,£10.49,Paperback
579,Surviving to Drive,Guenther Steiner,£14.94,Hardback
580,The Flatshare,Beth O'Leary,£35.55,Paperback
581,The Dress Diary of Mrs Anne Sykes,Kate Strasdin,£24.79,Hardback
582,Embroidered Birds and their Habitats,Judy Wilford,£11.23,Hardback
583,Mastery,Robert Greene,£12.29,Paperback
584,The Deal,Elle Kennedy,£12.18,Paperback
585,Wings of Fire: the Graphic Novels: the First Five Books,"Tui,T Sutherland",£17.52,Paperback
586,Simple and Delicious Vegan,Michaela Vais,£15.72,Hardback
587,Blue Lock 3,Muneyuki Kaneshiro,£23.00,Paperback
588,My Dress-up Darling 7,Shinichi Fukuda,£11.26,Paperback
589,The Flowering Wand,Sophie Strand,£11.48,Paperback
590,The Scum Villain's Self-Saving System: Ren Zha Fanpai Zijiu Xitong (Novel) Vol. 3,Mo Xiang Tong Xiu,£8.94,Paperback
591,Vinland Saga 1,Makoto Yukimura,£14.30,Hardback
592,Ethereal Visions,Matt Hughes,£8.49,Cards
593,These Violent Delights,Chloe Gong,£9.25,Paperback
594,A Fortunate Woman,Polly Morland,£5.70,Paperback
595,House of Earth and Blood,Sarah J. Maas,£14.69,Paperback
596,I Want to Die but I Want to Eat Tteokbokki,Baek Sehee,£36.19,Hardback
597,A Court of Silver Flames,Sarah J. Maas,£14.22,Paperback
598,House of Sky and Breath,Sarah J. Maas,£30.03,Paperback
599,A Squash and a Squeeze,Julia Donaldson,£9.84,Paperback
600,Defending Women's Spaces,KI Smith,£17.99,Paperback
601,Berserk Deluxe Volume 5,Kentaro Miura,£7.49,Hardback
602,Love and Other Words,Christina Lauren,£8.24,Paperback
603,Percy Jackson and the Olympians,Rick Riordan,£16.19,Paperback
604,Dune Messiah,Frank Herbert,£8.99,Paperback
605,Hell Bent,Leigh Bardugo,£11.68,Hardback
606,Elektra,Jennifer Saint,£19.60,Paperback
607,The Inner Game of Tennis,W Timothy Gallwey,£14.66,Paperback
608,Heartstopper Volume 1,Alice Oseman,£27.76,Hardback
609,Heartstopper Volume 4,Alice Oseman,£25.00,Paperback
610,"20th Century Boys: The Perfect Edition, Vol. 2",,£6.61,Paperback
611,Uzumaki (3-in-1 Deluxe Edition),Junji Ito,£6.50,Hardback
612,"Vagabond (VIZBIG Edition), Vol. 9",Takehiko Inoue,£8.43,Paperback
613,"Vagabond (VIZBIG Edition), Vol. 8",Takehiko Inoue,£8.93,Paperback
614,Harry Potter and the Philosopher's Stone,J. K. Rowling,£21.30,Hardback
615,Zog,Julia Donaldson,£16.19,Paperback
616,Ten Little Fingers and Ten Little Toes,Mem Fox,£47.19,Board book
617,Imagine Me,Tahereh Mafi,£16.33,Paperback
618,Crystal Ball Pocket Oracle,Athene Noctua,£28.90,Cards
619,How to Grow Your Small Business,Donald Miller,£11.99,Hardback
620,Ten Things I Hate About Me,Joe Tracini,£21.23,Hardback
621,The Story of Disney: 100 Years of Wonder,John Baxter,£21.98,Hardback
622,Shuna's Journey,Hayao Miyazaki,£8.99,Hardback
623,"Stormlight Archive MM Boxed Set I, Books 1-3",Brandon Sanderson,£11.99,Paperback
624,Gideon the Ninth,Tamsyn Muir,£9.20,Paperback
625,Extreme Ownership,Jocko Willink,£11.37,Hardback
626,Romaine Wasn't Built in a Day,Judith Tschann,£10.75,Hardback
627,From Lukov with Love,Mariana Zapata,£9.48,Paperback
628,Coaching Habit,Bungay Michael Stainer,£17.90,Paperback
629,She and her Cat,Makoto Shinkai,£12.34,Hardback
630,Rhythm of War,Brandon Sanderson,£7.49,Paperback
631,Zero to One,Blake Masters,£10.44,Paperback
632,This is Me,George Webster,£3.41,Paperback
633,Succession - Season One,Jesse Armstrong,£3.99,Paperback
634,Enchantment,Katherine May,£14.55,Hardback
635,The Colony,Audrey Magee,£18.54,Paperback
636,Solaris,Stanislaw Lem,£12.98,Paperback
637,Enchiridion,Epictetus,£11.98,Paperback
638,Beyond Good and Evil,Friedrich Nietzsche,£7.02,Paperback
639,"The Boy Who Was Raised as a Dog, 3rd Edition",Bruce D. Perry,£8.65,Paperback
640,The Unabridged Journals of Sylvia Plath,Sylvia Plath,£7.65,Paperback
641,The Faithless,C. L. Clark,£6.99,Paperback
642,Punk 57,Penelope Douglas,£10.49,Paperback
643,My Killer Vacation,Tessa Bailey,£10.11,Paperback
644,The Witches,Roald Dahl,£16.60,Paperback
645,The Very Hungry Caterpillar: Little Learning Library,Eric Carle,£22.99,Board book
646,One Of Us Is Lying,Karen M. McManus,£13.84,Paperback
647,Agua Viva,Clarice Lispector,£11.98,Paperback
648,Orientalism,Edward W. Said,£6.99,Paperback
649,The 4-Hour Work Week,Timothy Ferriss,£15.11,Paperback
650,The End of the World Is Just the Beginning,Peter Zeihan,£13.61,Hardback
651,The Explosive Child [Sixth Edition],"Ross W Greene, PhD",£12.99,Paperback
652,The Burning God,R.F. Kuang,£5.11,Paperback
653,Play It As It Lays,Joan Didion,£35.79,Paperback
654,"Solo Leveling, Vol. 7 (Comic)",Chugong,£8.90,Paperback
655,"Villains Are Destined to Die, Vol. 2",Gwon Gyeoeul,£12.54,Paperback
656,The Rise and Fall of Britain's Best Psychic Medium,Nicky Alan,£11.54,Paperback
657,My Second Theory Book,Lina Ng,£8.84,Sheet music
658,"Elden Ring Official Strategy Guide, Vol. 2 : Shards of the Shattering",Future Press,£10.34,Hardback
659,Meine Reise durch Asien,Rita Berman,£94.05,Paperback
660,"[Oshi No Ko], Vol. 1",Aka Akasaka,£23.99,Paperback
661,"Bungo Stray Dogs, Vol. 1 (light novel)",Kafka Asagiri,£20.53,Paperback
662,"Dandadan, Vol. 2",Yukinobu Tatsu,£13.60,Paperback
663,"Dragon Ball Super, Vol. 17",Akira Toriyama,£7.74,Paperback
664,Tokyo Ghoul Complete Box Set,,£10.90,Paperback
665,Haunting Adeline,H D Carlton,£10.34,Paperback
666,101 Essays That Will Change The Way You Think,Brianna Wiest,£13.75,Paperback
667,Your Weight Is Not the Problem,Lyndi Cohen,£17.90,Paperback
668,Cold Enough for Snow,Jessica Au,£11.03,Paperback
669,The Seven Moons of Maali Almeida,Shehan Karunatilaka,£9.99,Hardback
670,The Land of Stories: The Wishing Spell,Chris Colfer,£30.50,Paperback
671,Three Waves of Volunteers and the New Earth,Dolores Cannon,£8.85,Paperback
672,All the Beauty in the World,Patrick Bringley,£17.58,Hardback
673,Happy Hour,Marlowe Granados,£7.98,Paperback
674,The Housemaid,Freida McFadden,£17.20,Paperback
675,Junkers Ju 88 Volume 3,Chris Goss,£13.07,Hardback
676,Cain's Jawbone,Ernest Powys Mathers,£12.74,Paperback
677,The Live Your Values Deck,Andreea Niculescu,£12.18,Cards
678,Mbappe (Ultimate Football Heroes - the No. 1 football series),Matt & Tom Oldfield,£17.27,Paperback
679,The Rose Oracle,Rebecca Campbell,£9.34,Cards
680,The Daily Laws,Robert Greene,£12.49,Paperback
681,The Denial of Death,Ernest Becker,£18.42,Paperback
682,My Brilliant Friend,Elena Ferrante,£16.34,Paperback
683,Food for Life,Tim Spector,£23.53,Hardback
684,Neymar (Ultimate Football Heroes - the No. 1 football series),Matt & Tom Oldfield,£16.99,Paperback
685,Dare to Lead,Brené Brown,£8.27,Paperback
686,The Glucose Goddess Method,Jessie Inchauspe,£23.84,Paperback
687,The Proof is in the Plants,Simon Hill,£9.99,Paperback
688,Gen F'd?,Alison Pennington,£14.98,Paperback
689,A Little Witch in Waiting,Claire Palmer,£25.41,Hardback
690,Hooked,Emily Mcintire,£14.65,Paperback
691,Teenage Mutant Ninja Turtles: The Last Ronin,Kevin Eastman,£9.21,Hardback
692,Self-Care for Adult Children of Emotionally Immature Parents,Lindsay C Gibson,£11.84,Paperback
693,Morpho: Simplified Forms,Michel Lauricella,£16.99,Paperback
694,Revelations,Xavier Reyes-Ayral,£13.89,Paperback
695,Mushoku Tensei: Jobless Reincarnation (Light Novel) Vol. 3,Rifujin Na Magonote,£12.55,Paperback
696,Our Dreams at Dusk: Shimanami Tasogare Vol. 4,Yuhki Kamatani,£18.72,Paperback
697,"Celebrate Your Body (and Its Changes, Too!)",Sonya Renee Taylor,£8.75,Paperback
698,Tokyo Revengers (Omnibus) Vol. 7-8,Ken Wakui,£7.73,Paperback
699,The Scum Villains Self-Saving System: Ren Zha Fanpai Zijiu Xitong (Novel) Vol. 4,Mo Xiang Tong Xiu,£14.98,Book
700,Piano Adventures All-In-Two Level 1 Tech. & Perf.,,£37.37,Book
701,Vinland Saga 3,Makoto Yukimura,£13.42,Hardback
702,"Hunter x Hunter, Vol. 1",Yoshihiro Togashi,£11.99,Paperback
703,Regretting You,Colleen Hoover,£12.19,Paperback
704,Trauma and Recovery,Judith Herman,£8.99,Paperback
705,Tokyo Ghost Deluxe Edition,Rick Remender,£8.49,Hardback
706,Small Victories,Johanna Basford,£11.98,Paperback
707,A Radical Awakening,Dr Shefali Tsabary,£11.98,Paperback
708,The Dragon's Promise,Elizabeth Lim,£10.48,Hardback
709,The Dictionary of Lost Words,Pip Williams,£12.46,Paperback
710,Under the Whispering Door,Tj Klune,£11.42,Paperback
711,Stories of Your Life and Others,Ted Chiang,£10.87,Paperback
712,Exhalation,Ted Chiang,£20.00,Paperback
713,She Is a Haunting,Trang Thanh Tran,£10.71,Paperback
714,Trespasses,Louise Kennedy,£17.00,Hardback
715,Floriography,Jessica Roux,£11.37,Hardback
716,Demon in the Wood,Leigh Bardugo,£24.45,Hardback
717,Principles,Ray Dalio,£11.99,Hardback
718,Relentless,Tim S. Grover,£9.99,Paperback
719,The Other Side,Jennifer Higgie,£7.04,Hardback
720,Short Stories in Italian for Beginners,Olly Richards,£11.87,Paperback
721,Mistborn Trilogy Boxed Set,Brandon Sanderson,£8.99,Paperback
722,Wyrd Sisters,Terry Pratchett,£7.51,Hardback
723,Something Wild & Wonderful,Anita Kelly,£13.98,Paperback
724,Fleishman Is in Trouble,Taffy Brodesser-Akner,£24.34,Paperback
725,Parable of the Sower,Octavia E. Butler,£7.09,Paperback
726,American Dirt,Jeanine Cummins,£7.99,Paperback
727,How to Raise the Perfect Dog,Adam Spivey,£6.99,Paperback
728,The Happiness Trap 2nd Edition,Russ Harris,£12.63,Paperback
729,The Folk of the Air Boxset,Holly Black,£13.60,Novelty book
730,Confess,Colleen Hoover,£9.41,Paperback
731,Hopeless,Colleen Hoover,£25.21,Paperback
732,Oi Frog!,Kes Gray,£4.91,Paperback
733,"Nana, Vol. 11",Ai Yazawa,£12.71,Paperback
734,Circe,Madeline Miller,£10.98,Hardback
735,Kingdom of Ash,Sarah J. Maas,£7.99,Paperback
736,Harry Potter and the Order of the Phoenix,J.K. Rowling,£13.20,Hardback
737,The Koala Who Could,Rachel Bright,£9.28,Paperback
738,Mythos,Stephen Fry,£16.49,Paperback
739,Defy Me,Tahereh Mafi,£7.49,Paperback
740,Shatter Me,Tahereh Mafi,£10.73,Paperback
741,The Very Secret Society of Irregular Witches,Sangu Mandanna,£15.98,Hardback
742,The Spanish Love Deception,Elena Armas,£11.98,Paperback
743,Dog Man 11: Twenty Thousand Fleas Under the Sea,Dav Pilkey,£6.72,Hardback
744,You've Reached Sam,Dustin Thao,£12.04,Paperback
745,The Living Mountain,Nan Shepherd,£14.50,Paperback
746,Thief Of Time,Terry Pratchett,£12.98,Hardback
747,Show Your Work!,Austin Kleon,£12.51,Paperback
748,Sharp Objects,Gillian Flynn,£9.94,Paperback
749,The Black Spectacles,John Dickson Carr,£21.71,Paperback
750,Hormone Repair Manual,Lara Briden,£17.12,Paperback
751,The Final Empire,Brandon Sanderson,£28.26,Paperback
752,Rand McNally 2023 Easyfinder(r) Midsize Road Atlas,Rand Mcnally,£8.12,Paperback
753,Man and His Symbols,Carl G. Jung,£10.95,Paperback
754,Young Forever,Dr Mark Hyman,£15.47,Hardback
755,Belladonna,Adalyn Grace,£8.22,Hardback
756,The Hobbit & The Lord of the Rings Boxed Set,J. R. R. Tolkien,£8.99,Paperback
757,The Paper Palace,Miranda Cowley Heller,£7.99,Paperback
758,Earthsea,Ursula Le Guin,£10.67,Paperback
759,The Light We Carry,Michelle Obama,£9.19,Hardback
760,Games People Play,Eric Berne,£13.10,Paperback
761,Turn The Ship Around!,L. David Marquet,£5.98,Paperback
762,The Qur'an,,£7.50,Paperback
763,Think,Simon Blackburn,£10.11,Paperback
764,The Poetics of Space,Gaston Bachelard,£12.99,Paperback
765,Gathering Moss,Robin Wall Kimmerer,£8.09,Paperback
766,Politics and the English Language,George Orwell,£15.16,Paperback
767,The Crucible,Arthur Miller,£12.88,Paperback
768,Bloodlands,Timothy Snyder,£15.28,Paperback
769,The Chimp Paradox,Steve Peters,£13.88,Paperback
770,Secretly Yours,Tessa Bailey,£7.62,Paperback
771,Babel,R F Kuang,£11.26,Hardback
772,Almond,Won-Pyung Sohn,£10.48,Paperback
773,What Every BODY is Saying,Joe Navarro,£9.28,Paperback
774,On Writing Well,William Zinsser,£6.98,Paperback
775,The Year of Magical Thinking,Joan Didion,£13.82,Paperback
776,Rock Paper Scissors,Alice Feeney,£5.11,Paperback
777,Still Life,Sarah Winman,£70.11,Paperback
778,Foundation,Isaac Asimov,£11.44,Paperback
779,Billionaire Boy,David Walliams,£11.31,Paperback
780,To Photograph Is to Learn How to Die,Tim Carpenter,£13.35,Paperback
781,My Third Theory Book,Lina Ng,£10.24,Sheet music
782,Aliens La Etapa Original 1,AA.VV,£19.99,Paperback
783,L'etranger,Albert Camus,£8.66,Paperback
784,"Shadows House, Vol. 3",Somato,£20.59,Paperback
785,"Solo Leveling, Vol. 3 (Manga)",Chugong,£17.98,Paperback
786,"The Angel Next Door Spoils Me Rotten, Vol. 2 (light novel)",Saekisan,£25.95,Paperback
787,"Chainsaw Man, Vol. 8",Tatsuki Fujimoto,£14.60,Paperback
788,Hunting Adeline,H D Carlton,£6.99,Paperback
789,No Means No|,Jayneen Sanders,£11.98,Paperback
790,Cynical Therapies,Val Thomas,£7.38,Paperback
791,Squid Cake Marseille Tarot,Jess Rollar,£6.98,Cards
792,The Citadel: A Fantasy Oracle,Fez Inkwright,£16.60,Cards
793,Nonviolent Communication: A Language of Life,Marshall B. Rosenberg,£12.99,Paperback
794,Flowers For Algernon,Daniel Keyes,£11.48,Paperback
795,How Women Rise,Sally Helgesen,£5.79,Paperback
796,The Wim Hof Method,Wim Hof,£9.19,Paperback
797,The Karamazov Brothers,Fyodor Dostoevsky,£9.19,Paperback
798,The Bandit Queens,Parini Shroff,£11.75,Hardback
799,Building a Second Brain,Tiago Forte,£11.26,Paperback
800,The Mysterious Case of the Alperton Angels,Janice Hallett,£9.75,Hardback
801,Rashford (Ultimate Football Heroes - the No.1 football series),Matt Oldfield,£5.99,Paperback
802,Wanderers,Kerri Andrews,£7.65,Paperback
803,Bunny,Mona Awad,£13.61,Paperback
804,Moonology (TM) Diary 2023,Yasmin Boland,£10.50,Paperback
805,The Last Thing He Told Me,Laura Dave,£16.34,Paperback
806,Courage Is Calling,Ryan Holiday,£21.23,Paperback
807,Ronaldo (Ultimate Football Heroes) - Collect Them All!,Matt Oldfield,£16.64,Paperback
808,The Tattooist of Auschwitz,Heather Morris,£10.48,Paperback
809,Forbidden Notebook,Alba de Cespedes,£12.94,Hardback
810,Ledger,Jane Hirshfield,£16.34,Paperback
811,The Nice House on the Lake Vol. 2,James Tynion IV,£11.25,Paperback
812,Queer Chameleon and Friends,Amee Wilson,£10.30,Hardback
813,Life: What Nat To Do,Nat's What I Reckon,£12.55,Hardback
814,The Secret Lives of Country Gentlemen,KJ Charles,£16.10,Paperback
815,"Slow Days, Fast Company",Eve Babitz,£72.58,Paperback
816,The Scum Villain's Self-Saving System: Ren Zha Fanpai Zijiu Xitong (Novel) Vol. 2,Mo Xiang Tong Xiu,£8.77,Paperback
817,Blue Lock 2,Muneyuki Kaneshiro,£14.55,Paperback
818,Blue Lock 1,Muneyuki Kaneshiro,£9.77,Paperback
819,Hitorijime My Hero 13,Memeco Arii,£12.52,Paperback
820,The Husky and His White Cat Shizun: Erha He Ta De Bai Mao Shizun (Novel) Vol. 3,Rou Bao Bu Chi Rou,£12.78,Paperback
821,A Court of Thorns and Roses Hardcover Box Set,Sarah J. Maas,£17.91,Hardback
822,Piano adventures Lesson Book 1,,£11.99,Book
823,The Culture Map,Erin Meyer,£12.86,Paperback
824,Healing Trauma,Peter Levine,£7.49,Mixed media product
825,Only the Flower Knows Vol. 3,Rihito Takarai,£13.28,Paperback
826,Queen of Shadows (Miniature Character Collection),Sarah J. Maas,£12.04,Paperback
827,Never Finished,David Goggins,£9.78,Paperback
828,Maame,Jessica George,£9.78,Hardback
829,Women Remembered,Helen Bond,£8.26,Hardback
830,Six Crimson Cranes,Elizabeth Lim,£12.14,Paperback
831,The Ruthless Elimination of Hurry,John Mark Comer,£12.18,Paperback
832,Checkout 19,Claire-Louise Bennett,£6.23,Paperback
833,Empire of Pain,Patrick Radden Keefe,£15.78,Paperback
834,Radical Candor,Kim Scott,£36.19,Paperback
835,Shuggie Bain,Douglas Stuart,£11.48,Paperback
836,I May Be Wrong,Bjoern Natthiko Lindeblad,£9.99,Paperback
837,Crown of Midnight,Sarah J. Maas,£13.20,Paperback
838,Monkey Puzzle,Julia Donaldson,£12.98,Paperback
839,The Case Against the Sexual Revolution,L Perry,£10.68,Paperback
840,Berserk Deluxe Volume 11,Kentaro Miura,£11.99,Hardback
841,Notes on an Execution,Danya Kukafka,£12.58,Paperback
842,Born A Crime,Trevor Noah,£7.99,Paperback
843,The Conscious Parent,Dr Shefali Tsabary,£7.46,Paperback
844,Elantris,Brandon Sanderson,£8.74,Paperback
845,Small Gods,Terry Pratchett,£27.48,Hardback
846,Soul Music,Terry Pratchett,£8.99,Hardback
847,From Strength to Strength,Arthur C. Brooks,£17.98,Paperback
848,Ariadne,Jennifer Saint,£16.19,Paperback
849,They Both Die at the End,Adam Silvera,£9.53,Paperback
850,Fahrenheit 451,Ray Bradbury,£9.98,Paperback
851,The Heartstopper Collection Volumes 1-3,Alice Oseman,£9.19,Paperback
852,Heartstopper Volume 3,Alice Oseman,£7.48,Paperback
853,"Goodnight Punpun, Vol. 1",Inio Asano,£7.46,Paperback
854,"Vagabond (VIZBIG Edition), Vol. 11",Takehiko Inoue,£6.97,Paperback
855,"Slam Dunk, Vol. 2",Takehiko Inoue,£8.88,Paperback
856,Look Inside Things That Go,Rob Lloyd Jones,£16.59,Board book
857,Look Inside Your Body,Louie Stowell,£5.99,Board book
858,Harry Potter and the Deathly Hallows,J. K. Rowling,£6.97,Paperback
859,Harry Potter and the Goblet of Fire,J. K. Rowling,£7.70,Paperback
860,Harry Potter and the Chamber of Secrets,J. K. Rowling,£9.99,Paperback
861,A Spy Among Friends,Ben Macintyre,£9.65,Paperback
862,The Silk Roads,Professor Peter Frankopan,£6.99,Paperback
863,There's A House Inside My Mummy Board Book,Giles Andreae,£8.97,Board book
864,I Want My Hat Back,Jon Klassen,£7.17,Paperback
865,The Blackbird,Tim Weaver,£7.99,Paperback
866,The Salt Path,Raynor Winn,£19.56,Paperback
867,Allen Carr's Easy Way to Stop Smoking,Allen Carr,£19.56,Paperback
868,Unite Me,Tahereh Mafi,£15.46,Paperback
869,Unravel Me,Tahereh Mafi,£22.82,Paperback
870,War Horse,Michael Morpurgo,£14.99,Paperback
871,The Girl Who Never Made Mistakes,Gary Rubinstein,£23.01,Hardback
872,The Sacred Medicine Oracle,Asha Frost,£8.27,Cards
873,Self-Care Wisdom Cards,Cheryl Richardson,£11.26,Cards
874,The Dream Weaver's Oracle,Colette Baron-Reid,£16.19,Cards
875,Angel Answers Oracle Cards,Radleigh Valentine,£16.19,Cards
876,Medical Medium Celery Juice,Anthony William,£20.00,Hardback
877,Archetype Cards,Caroline Myss,£22.38,Cards
878,London Rules,Mick Herron,£8.26,Paperback
879,Killers of a Certain Age,Deanna Raybourn,£10.34,Paperback
880,Last Violent Call,Chloe Gong,£28.49,Hardback
881,An Irish Atlantic Rainforest,Eoghan Daltun,£4.95,Hardback
882,The Last Unicorn,Peter S. Beagle,£9.00,Hardback
883,The Mousetrap,Agatha Christie,£9.28,Hardback
884,The Storyteller,Dave Grohl,£12.99,Paperback
885,She Gets the Girl,Rachael Lippincott,£2.99,Paperback
886,Caraval Paperback Boxed Set,Stephanie Garber,£17.98,Paperback
887,Love You Forever,Robert Munsch,£9.36,Paperback
888,HappyHead,Josh Silver,£25.00,Paperback
889,I Know Why The Caged Bird Sings,Maya Angelou,£9.65,Paperback
890,Thud!,Terry Pratchett,£8.99,Hardback
891,Communist Manifesto,Karl Marx,£15.41,Paperback
892,Beholding,Strahan Coleman,£8.29,Paperback
893,Press Here,Herve Tullet,£8.98,Hardback
894,Tartine Bread,Chad Robertson,£59.98,Hardback
895,Essentialism,Greg McKeown,£13.45,Paperback
896,The Cuckoo's Calling,Robert Galbraith,£22.18,Paperback
897,Mindfulness,Professor Mark Williams,£32.78,Paperback
898,The Gift Of Therapy,Irvin Yalom,£8.95,Paperback
899,Very First Words in Irish,Dominika Boon,£6.49,Board book
900,Anatomy Trains,Thomas W. Myers,£9.98,Paperback
901,Addicted For Now,Krista Ritchie,£6.58,Paperback
902,The Fair Play Deck,Eve Rodsky,£15.15,Cards
903,The Complete Chronicles Of Conan,Robert E Howard,£7.99,Hardback
904,Klara and the Sun,Kazuo Ishiguro,£10.34,Paperback
905,The Forester's Daughter,Claire Keegan,£5.98,Paperback
906,Kitchen,Banana Yoshimoto,£4.80,Paperback
907,Conversations with Friends,Sally Rooney,£7.50,Paperback
908,The Complete Herbal Handbook for the Dog and Cat,Juliette de Bairacli Levy,£17.98,Paperback
909,Lockwood & Co: The Creeping Shadow,Jonathan Stroud,£12.19,Paperback
910,Lockwood & Co: The Hollow Boy,Jonathan Stroud,£11.99,Paperback
911,Tao Te Ching,Lao Tze,£15.98,Paperback
912,The Complete Poetry Of Edgar Allan Poe,Edgar Allan Poe,£8.48,Paperback
913,How to Draw Pokemon,Tracey West,£8.27,Paperback
914,Polyvagal Exercises for Safety and Connection,Deb Dana,£11.26,Paperback
915,Deep Survival,Laurence Gonzales,£7.60,Paperback
916,How to Not Die Alone,Logan Ury,£11.49,Paperback
917,Dominion (50th Anniversary Edition),Tom Holland,£7.64,Paperback
918,The Storied Life of A.J. Fikry,Gabrielle Zevin,£8.94,Paperback
919,Infinite Jest,David Foster Wallace,£10.98,Paperback
920,Rebecca,Daphne Du Maurier,£8.98,Paperback
921,First 100 Words,Roger Priddy,£12.05,Board book
922,Q&A a Day,Potter Gift,£7.68,Hardback
923,Book Lovers,Emily Henry,£6.47,Paperback
924,The Bullet That Missed,Richard Osman,£8.61,Paperback
925,"Women, Race & Class",Angela Y. Davis,£9.49,Paperback
926,Mirabelle Takes Charge,Harriet Muncaster,£13.10,Paperback
927,The Kybalion: Centenary Edition,,£17.22,Hardback
928,The Twits,Roald Dahl,£14.94,Paperback
929,George's Marvelous Medicine,Roald Dahl,£16.70,Paperback
930,The Snail and the Whale,Julia Donaldson,£6.98,Paperback
931,Otherlands,Thomas Halliday,£9.98,Paperback
932,Finding the Mother Tree,Suzanne Simard,£17.22,Paperback
933,The Picture of Dorian Gray,Oscar Wilde,£9.19,Hardback
934,Meditations,Marcus Aurelius,£7.50,Hardback
935,The Iliad,Homer,£9.32,Hardback
936,Diary of a Wimpy Kid: The Getaway (Book 12),Jeff Kinney,£8.28,Paperback
937,Once,Morris Gleitzman,£10.34,Paperback
938,The Odyssey,Homer,£8.26,Hardback
939,East of Eden,Mr John Steinbeck,£14.64,Paperback
940,Of Mice and Men,Mr John Steinbeck,£9.98,Paperback
941,On the Shortness of Life,Seneca,£8.64,Paperback
942,Crime and Punishment,Fyodor Dostoyevsky,£8.48,Paperback
943,Little Women,Louisa May Alcott,£11.26,Paperback
944,The Godfather,Mario Puzo,£9.99,Paperback
945,Anam Cara [Twenty-Fifth Anniversary Edition],John O'Donohue,£6.99,Paperback
946,It Happened One Summer,Tessa Bailey,£6.55,Paperback
947,The Alchemist,Paulo Coelho,£14.16,Paperback
948,I'm a Big Sister,Joanna Cole,£7.89,Hardback
949,My Dark Vanessa,Kate Elizabeth Russell,£16.77,Paperback
950,Royal Assassin,Robin Hobb,£11.85,Paperback
951,"Oh, The Places You'll Go!",Dr. Seuss,£14.21,Paperback
952,What Do People Do All Day?,Richard Scarry,£7.91,Paperback
953,The Emperor of All Maladies,Siddhartha Mukherjee,£16.58,Paperback
954,Purple Hibiscus,Chimamanda Ngozi Adichie,£11.72,Paperback
955,The Tears That Taught Me,Morgan Richard Olivier,£9.84,Paperback
956,All I See Is You,Jessica Urlichs,£11.95,Paperback
957,From One Mom to a Mother,Jessica Urlichs,£9.35,Paperback
958,Daisy Jones & The Six,Taylor Jenkins Reid,£10.13,Paperback
959,Semilla estelar : libro y 53 cartas oráculo,Rebecca Campbell,£7.15,Paperback
960,"Please Put Them On, Takamine-san, Vol. 5",Yuichi Hiiragi,£10.12,Paperback
961,"Horimiya, Vol. 16",Hero,£7.38,Paperback
962,"Bungo Stray Dogs, Vol. 7 (light novel)",Kafka Asagiri,£8.98,Paperback
963,"Sasaki and Miyano, Vol. 2",Shou Harusono,£6.89,Paperback
964,"Mashle: Magic and Muscles, Vol. 11",Hajime Komoto,£8.52,Paperback
965,"One Piece, Vol. 102",Eiichiro Oda,£12.98,Paperback
966,"Black Clover, Vol. 32",Yuki Tabata,£11.26,Paperback
967,Look Back,Tatsuki Fujimoto,£11.95,Paperback
968,"Jujutsu Kaisen, Vol. 18",Gege Akutami,£8.94,Paperback
969,Jujutsu Kaisen 0,Gege Akutami,£17.96,Paperback
970,"Spy x Family, Vol. 1",Tatsuya Endo,£14.88,Paperback
971,"Hell's Paradise: Jigokuraku, Vol. 2",Yuji Kaku,£11.99,Paperback
972,A Ghost In The Throat,Doireann Ni Ghriofa,£15.64,Paperback
973,Cursed Bunny,Bora Chung,£13.10,Paperback
974,Arrested Song,Irena Karafilly,£7.62,Paperback
975,Zodiac Academy 3,Caroline Peckham,£14.95,Paperback
976,Guinness World Records 2023,Guinness World Records,£9.99,Hardback
977,Botanical Curses And Poisons,Fez Inkwright,£9.85,Hardback
978,A Pilgrim's Guide to the Camino Portugues,John Brierley,£12.74,Paperback
979,What My Bones Know,Stephanie Foo,£12.08,Paperback
980,The National Trust Book of Scones,Sarah Merker,£5.24,Hardback
981,Convoluted Universe: Book One,Dolores Cannon,£11.98,Paperback
982,Empire of the Summer Moon,S.C. Gwynne,£4.17,Paperback
983,The Culture Code,Daniel Coyle,£11.48,Paperback
984,Being Mortal,Atul Gawande,£8.49,Paperback
985,Why Nations Fail,Daron Acemoglu,£5.24,Paperback
986,My New Baby,,£13.94,Board book
987,Living the Chateau Dream,Angel Strawbridge,£6.77,Paperback
988,The Essential Kafka,Franz Kafka,£12.73,Paperback
989,The Book of Form and Emptiness,Ruth Ozeki,£19.56,Paperback
990,Daisy Jones and The Six,Taylor Jenkins Reid,£7.49,Paperback
991,Little Sticker Dolly Dressing Easter,Fiona Watt,£7.45,Paperback
992,The Shards,Bret Easton Ellis,£8.27,Paperback
993,Diana: Her True Story - In Her Own Words,Andrew Morton,£8.27,Paperback
994,Lonely Planet Southern Italy,Lonely Planet,£18.98,Paperback
995,Angels and Ancestors Oracle Cards,Kyle Gray,£11.64,Cards
996,The Twyford Code,Janice Hallett,£10.11,Paperback
997,Listen to the Carnival of the Animals,,£11.26,Board book
998,The Story of the Lost Child,Elena Ferrante,£12.95,Paperback
999,Those Who Leave and Those Who Stay,Elena Ferrante,£11.95,Paperback
1000,"Fall in Love with the Problem, Not the Solution",Uri Levine,£13.17,Hardback
1001,Pachinko,Min Jin Lee,£22.25,Paperback
1002,Less is More,Jason Hickel,£8.82,Paperback
1003,Sweet Bean Paste,Durian Sukegawa,£11.84,Paperback
1004,Untamed,Glennon Doyle,£8.85,Paperback
1005,The Magic of Thinking Big,David J Schwartz,£9.89,Paperback
1006,Death's End,Cixin Liu,£10.11,Paperback
1007,Lune,Kate Reid,£4.99,Hardback
1008,21 Lessons for the 21st Century,Yuval Noah Harari,£11.26,Paperback
1009,Recollections of My Non-Existence,Rebecca Solnit,£35.72,Paperback
1010,Tender is the Flesh,Agustina Bazterrica,£10.65,Paperback
1011,The Lonely City,Olivia Laing,£14.11,Paperback
1012,Fabric,Victoria Finlay,£17.00,Paperback
1013,The Kids' Book of Mazes 1,Gareth Moore,£19.76,Paperback
1014,Praise,Sara Cate,,Paperback
1015,The Complete Life and Times of Scrooge McDuck Volume 1,Don Rosa,,Hardback
1016,Blue Lock 4,Muneyuki Kaneshiro,,Paperback
1017,Throne of Glass,Sarah J. Maas,,Paperback
1018,Grandmaster of Demonic Cultivation: Mo Dao Zu Shi (The Comic / Manhua) Vol. 2,Mo Xiang Tong Xiu,,Paperback
1019,Tokyo Revengers (Omnibus) Vol. 5-6,Ken Wakui,,Paperback
